date,open,high,low,close,volume
2022-01-03,239.4766,239.7516,238.2261,238.3905,3427937
2022-01-04,238.5126,238.9099,237.9457,238.0011,5460752
2022-01-05,237.6772,237.9408,236.0878,236.3438,6190120
2022-01-06,235.3728,236.4213,234.0566,234.6138,6475030
2022-01-07,234.2615,241.5074,233.7885,240.4340,6988795
2022-01-10,240.7355,244.6765,240.0674,244.4074,2502332
2022-01-11,243.9997,244.4836,241.2487,241.8773,2148099
2022-01-12,241.4691,244.0030,240.8642,243.9399,2108933
2022-01-13,244.1288,247.2054,243.9034,247.1350,3269632
2022-01-14,247.1882,250.6148,246.4720,250.5214,3469435
2022-01-17,251.1580,254.0008,250.5521,253.6659,2198086
2022-01-18,253.5476,257.6627,252.7402,256.1738,7619348
2022-01-19,255.6516,255.7149,253.7052,254.0922,1061915
2022-01-20,253.3055,253.7145,250.7079,252.2710,4556212
2022-01-21,252.0120,255.4053,250.6761,255.2264,3045763
2022-01-24,254.9185,255.2482,251.5178,251.5213,3905588
2022-01-25,251.8221,256.1091,251.1714,255.3382,5710062
2022-01-26,256.2494,258.1591,255.9347,257.3906,4817904
2022-01-27,257.6784,260.6378,257.5400,260.2772,3331010
2022-01-28,259.7399,260.5532,258.4019,259.9808,2689659
2022-01-31,259.3774,259.6521,257.6009,258.3193,2259081
2022-02-01,259.2199,259.4975,255.8386,256.1110,7135966
2022-02-02,256.1875,260.6865,256.1275,260.3468,1007455
2022-02-03,260.3565,266.3585,259.9222,265.4814,5886277
2022-02-04,266.5772,267.0596,264.6903,265.2480,2321350
2022-02-07,266.1264,267.3612,262.8239,263.5758,6468820
2022-02-08,262.2182,263.5984,260.9416,262.8818,7622011
2022-02-09,262.2169,264.0879,258.6900,258.8683,7289922
2022-02-10,259.2346,262.5899,254.8895,255.2882,7958449
2022-02-11,256.2359,256.3099,252.4594,252.7085,1541135
2022-02-14,252.1865,252.6591,250.3498,251.3749,2385403
2022-02-15,252.6742,252.7552,248.2421,248.6730,1199442
2022-02-16,249.2755,251.0917,248.9078,250.1871,6553202
2022-02-17,250.2285,255.3454,249.8984,254.7853,1033830
2022-02-18,254.6192,258.5491,254.6058,258.3689,6728226
2022-02-21,258.6988,259.2361,255.4591,256.1154,6712707
2022-02-22,255.8220,257.4814,255.7607,256.5020,6727630
2022-02-23,257.4431,258.2557,257.2449,258.1194,7482498
2022-02-24,258.0352,258.3364,257.5093,257.9963,5787719
2022-02-25,258.6791,259.4722,257.5078,258.0487,2915499
2022-02-28,257.4846,259.4579,256.5589,258.0574,3752081
2022-03-01,258.0089,258.0979,256.8508,257.7330,4667069
2022-03-02,256.7002,257.5022,253.0840,253.2037,2664848
2022-03-03,253.3498,254.7423,252.4099,253.8977,1257706
2022-03-04,254.1823,254.3273,249.3481,249.9371,7900208
2022-03-07,249.3711,249.4346,246.4800,246.6226,6313315
2022-03-08,246.7602,247.7789,245.9265,247.6674,1234448
2022-03-09,248.0217,250.0615,246.8404,248.8228,6522412
2022-03-10,249.5361,250.3186,245.3314,246.0151,6143692
2022-03-11,245.3590,246.4764,245.0370,245.1114,6522014
2022-03-14,244.5283,244.5522,243.2663,244.0241,3566900
2022-03-15,244.7592,247.3905,244.5382,246.3077,7795487
2022-03-16,246.7986,248.9997,242.3239,244.2643,1367629
2022-03-17,243.9608,246.7692,243.0754,245.9765,4796147
2022-03-18,245.6698,245.7483,245.5463,245.5539,6079771
2022-03-21,245.0652,245.2882,241.8199,242.2269,4889465
2022-03-22,242.7488,243.1683,239.3798,240.1060,2548124
2022-03-23,239.4854,241.7734,238.7180,240.8595,2128549
2022-03-24,240.3508,241.0970,239.3245,239.7053,1956374
2022-03-25,239.7954,240.1683,237.2757,237.3346,7490235
2022-03-28,237.4371,238.6429,236.8580,238.4584,4413224
2022-03-29,239.1206,239.3757,237.2728,237.9229,2400842
2022-03-30,237.4198,238.0909,234.7979,235.3570,4847611
2022-03-31,235.5154,239.4695,234.9013,238.3597,6838271
2022-04-01,238.4018,240.0139,237.3594,239.5315,6804923
2022-04-04,240.1477,240.6985,238.3091,238.8606,4877935
2022-04-05,239.8488,241.2193,236.2634,237.4468,7731482
2022-04-06,237.5551,240.9581,236.8865,240.7046,7585750
2022-04-07,240.4609,241.0518,238.2267,239.9155,6286326
2022-04-08,239.8426,240.1584,236.8530,237.2410,6685764
2022-04-11,236.6790,237.5432,234.4260,235.0385,2199213
2022-04-12,235.1534,236.4765,234.8548,235.5408,5078642
2022-04-13,235.1584,235.5451,234.5448,234.7327,4626719
2022-04-14,234.6850,234.7737,233.8403,234.2184,2956375
2022-04-15,234.6878,235.0122,232.3869,232.5220,1063990
2022-04-18,232.4047,233.1070,232.3209,233.0005,7535455
2022-04-19,232.6289,234.0572,231.8969,233.7896,4915336
2022-04-20,234.4499,237.4218,233.7672,236.4835,3023144
2022-04-21,237.0815,239.4719,236.0319,239.3922,2439526
2022-04-22,239.5815,239.8854,237.6655,237.8443,3010965
2022-04-25,237.2340,238.4691,232.9957,234.1488,2400883
2022-04-26,233.3512,234.4841,231.4914,233.2767,2222452
2022-04-27,232.3455,234.3666,231.9161,234.3364,1305054
2022-04-28,234.4460,235.6559,233.4410,234.2670,1082212
2022-04-29,235.1634,235.4137,232.2726,233.0080,1707306
2022-05-02,233.4887,237.9134,232.3697,237.3262,1470875
2022-05-03,237.7023,237.7222,236.3467,236.4792,3213693
2022-05-04,236.9940,237.7275,235.6667,236.5952,6262148
2022-05-05,235.9752,238.5021,235.8926,237.6195,6927414
2022-05-06,237.0925,241.6376,236.2623,240.7392,2684615
2022-05-09,240.3132,240.6347,238.0109,238.1575,4126675
2022-05-10,237.9693,238.3683,237.4503,238.0974,3323036
2022-05-11,237.8254,239.1710,237.5976,238.8729,3583888
2022-05-12,240.2413,240.9546,239.3952,240.5216,5956175
2022-05-13,240.5680,243.7444,240.2609,243.1553,2486653
2022-05-16,243.6848,249.1656,243.2439,248.7513,2536586
2022-05-17,248.7703,250.2719,247.2424,250.1453,5203551
2022-05-18,249.3510,250.1807,246.7375,247.2334,7937776
2022-05-19,247.0670,247.7346,246.9974,247.0403,3022115
2022-05-20,247.0728,248.5439,243.3130,244.6312,7626531
2022-05-23,245.8926,250.1350,245.3265,249.1187,4396996
2022-05-24,248.0098,248.8261,247.3142,248.6906,1345154
2022-05-25,248.4722,248.5969,247.7932,248.0807,7257843
2022-05-26,247.1697,250.4097,246.1452,250.3529,4424422
2022-05-27,250.5083,251.1551,249.0767,250.8764,6663321
2022-05-30,250.9704,252.5133,248.9743,252.3366,7176671
2022-05-31,252.5082,254.0041,252.1945,253.2418,7663508
2022-06-01,252.6457,254.1608,251.6814,251.7699,5921652
2022-06-02,252.1158,252.7391,243.2631,243.8472,2778877
2022-06-03,243.5302,244.1716,243.0660,243.2128,2394166
2022-06-06,243.2416,244.8587,243.2025,244.7638,6469289
2022-06-07,244.5255,247.2419,243.3068,246.8691,4118389
2022-06-08,247.2388,247.2842,244.6629,244.8927,7044282
2022-06-09,244.2891,244.4104,243.3879,244.1082,5724471
2022-06-10,243.4132,244.2786,241.7016,243.2707,4313764
2022-06-13,243.9477,244.6448,243.3644,244.2305,4062217
2022-06-14,243.8647,244.3881,241.7021,242.4368,2453357
2022-06-15,241.6597,241.9250,238.0114,238.8019,7022082
2022-06-16,239.7016,240.4053,238.2813,239.7437,3726524
2022-06-17,239.8730,241.1256,238.0546,238.6685,5039757
2022-06-20,239.0927,239.5985,238.2154,238.5618,5645435
2022-06-21,238.8326,240.9647,238.4659,239.6001,6390958
2022-06-22,240.1612,240.3046,240.0470,240.0584,3184639
2022-06-23,240.8090,242.0065,238.9528,239.4594,2274997
2022-06-24,239.9982,240.1411,235.9217,236.3059,6951415
2022-06-27,235.8606,236.2061,230.5894,230.9449,7217340
2022-06-28,231.0351,232.5984,229.6522,231.6511,3617854
2022-06-29,231.4627,232.2629,229.3925,230.0639,7023686
2022-06-30,230.2696,230.3652,225.7184,226.6832,7478905
2022-07-01,225.9398,226.0834,224.8907,224.9508,7899905
2022-07-04,224.4006,227.4230,223.9427,226.7720,1309085
2022-07-05,227.2448,229.0123,225.9042,228.7661,6736265
2022-07-06,228.6243,229.6841,227.1049,228.2020,2026292
2022-07-07,228.3914,228.7778,224.7645,225.8874,5432610
2022-07-08,225.7357,227.4472,225.2589,226.8866,3749670
2022-07-11,227.3028,228.3585,227.1231,228.2100,5386156
2022-07-12,227.3524,229.5593,226.8488,229.3413,6519476
2022-07-13,229.1962,229.7631,228.5472,229.4947,6684841
2022-07-14,228.8229,228.9193,221.1386,222.2252,7586791
2022-07-15,221.9976,223.6329,221.9823,223.3268,4655581
2022-07-18,221.9596,225.3622,221.4465,224.2627,2923045
2022-07-19,224.4632,224.8093,224.1741,224.2024,2330926
2022-07-20,225.0021,225.6120,222.4765,223.0622,1774244
2022-07-21,222.7337,224.1077,222.1907,223.4901,5338639
2022-07-22,224.0623,225.6095,222.6526,222.7189,4963417
2022-07-25,221.8207,222.4171,219.3868,219.4295,7383886
2022-07-26,220.1818,220.2660,218.8591,220.1168,4800750
2022-07-27,219.1035,220.9663,218.6134,220.9128,6960450
2022-07-28,221.3278,222.0965,221.0057,221.6150,7986370
2022-07-29,222.4145,224.9609,221.8237,224.9054,6439361
2022-08-01,225.1708,226.4610,223.9915,224.1795,4868498
2022-08-02,224.5133,227.0671,224.4264,226.7884,4416093
2022-08-03,227.0139,231.7152,226.6220,230.6836,7257629
2022-08-04,230.9968,232.6819,230.0075,231.8009,2249639
2022-08-05,231.1485,231.2989,229.5692,230.6784,2570028
2022-08-08,230.6772,231.9100,228.9141,229.3146,6710265
2022-08-09,229.2113,233.5212,228.6305,232.8542,7945854
2022-08-10,233.0476,233.1167,229.3591,229.3653,6391106
2022-08-11,229.0645,230.2380,228.5140,229.8684,2674874
2022-08-12,228.8108,229.4323,228.4884,228.8375,6654797
2022-08-15,227.0942,227.7097,223.8676,224.1434,5422426
2022-08-16,224.6105,227.6639,223.4380,226.9697,1424510
2022-08-17,228.2583,229.4551,227.1218,227.5269,7351445
2022-08-18,227.6423,228.5264,222.0817,222.4867,5358162
2022-08-19,222.5128,223.2449,216.5096,217.3078,3324814
2022-08-22,218.2738,218.3800,215.5587,215.8610,1417447
2022-08-23,215.9824,224.4345,215.5841,222.5755,7984540
2022-08-24,222.7091,224.8379,221.3470,221.6760,6693075
2022-08-25,221.3821,221.7108,218.6475,218.6498,1784915
2022-08-26,219.6331,219.8297,217.3595,217.8713,1262928
2022-08-29,218.0911,221.1560,217.7200,220.4769,2554094
2022-08-30,220.6999,221.2912,220.5312,221.2411,6943002
2022-08-31,221.0001,221.5143,218.9011,219.8567,3807946
2022-09-01,219.2109,221.5914,219.1540,220.6678,1344593
2022-09-02,220.7628,221.4197,220.6257,221.1308,2057292
2022-09-05,220.9554,224.0377,220.6227,222.7070,3024963
2022-09-06,222.2247,222.7158,221.5446,222.1719,7762656
2022-09-07,222.6009,222.6121,220.3728,221.2699,2520706
2022-09-08,220.8864,222.1886,219.7754,222.1034,3532683
2022-09-09,222.1931,222.5696,219.9957,221.0869,3651441
2022-09-12,221.5625,222.0218,220.4859,221.8480,3702684
2022-09-13,222.4734,224.6751,222.4591,224.2982,6579554
2022-09-14,223.2230,224.6462,223.0902,224.4666,6639389
2022-09-15,224.5806,226.0320,224.0088,224.3931,6885215
2022-09-16,225.2134,225.6799,222.7879,223.3227,6353013
2022-09-19,222.8925,223.0055,220.0686,220.1709,2621041
2022-09-20,219.7503,222.1566,219.5794,221.6562,5083108
2022-09-21,221.6823,224.8986,220.8685,224.2018,2401443
2022-09-22,223.7344,223.8477,218.4298,220.0886,5354140
2022-09-23,220.7542,222.8406,220.6317,222.0303,5752450
2022-09-26,222.3989,223.3506,221.4830,223.1102,4740579
2022-09-27,223.3180,223.6564,221.5758,222.3165,6490106
2022-09-28,223.5555,224.3591,222.9052,223.4258,5464649
2022-09-29,224.1330,226.0417,223.5438,225.4115,4658343
2022-09-30,226.1466,226.5326,219.4803,220.1013,7711164
2022-10-03,219.7348,219.9354,218.2878,218.6376,6494967
2022-10-04,218.9828,219.4889,218.2914,218.6939,2921598
2022-10-05,219.3742,220.0277,218.5834,218.9689,5449338
2022-10-06,219.5283,220.9912,218.7682,220.3604,5908930
2022-10-07,220.6037,221.3882,220.5288,221.2039,5537773
2022-10-10,221.2313,222.1279,219.7958,219.8547,4481328
2022-10-11,220.0590,220.3582,214.1522,215.0519,4095384
2022-10-12,214.9870,215.1392,213.3569,214.0182,7063495
2022-10-13,213.8368,215.7287,212.8910,214.9170,2245629
2022-10-14,215.4342,216.2342,211.5850,212.6690,6473610
2022-10-17,212.0439,212.4581,211.4273,211.4359,1618446
2022-10-18,212.3300,213.7903,212.2787,213.0834,5634809
2022-10-19,213.5122,217.9548,212.5318,217.9202,1495878
2022-10-20,217.6181,222.3046,216.1851,221.7514,3564264
2022-10-21,222.1018,222.5737,221.4422,222.4320,4043046
2022-10-24,222.8826,225.0583,221.9061,224.5235,7449707
2022-10-25,225.1534,228.3726,225.0744,228.2893,1502701
2022-10-26,228.3608,228.6612,221.7233,222.7715,5777490
2022-10-27,222.8933,223.5680,222.7126,222.9559,2439792
2022-10-28,222.3180,222.8068,220.6696,220.8140,5465846
2022-10-31,221.1821,222.6722,219.7165,221.7277,4132045
2022-11-01,222.0789,223.1796,220.8096,221.5516,1813885
2022-11-02,221.5158,222.9977,221.2509,222.1093,2373201
2022-11-03,222.3108,223.4150,221.5973,222.0387,3241462
2022-11-04,222.1532,222.4072,219.1791,220.4379,7125893
2022-11-07,221.0518,221.4942,217.6613,218.5167,6960522
2022-11-08,218.3475,218.7332,215.1347,215.7294,1723095
2022-11-09,216.1524,216.5825,215.0320,216.1442,3620927
2022-11-10,215.4985,216.9477,215.1769,216.3903,3796053
2022-11-11,216.6972,218.5420,214.9322,218.2949,6023527
2022-11-14,217.8566,219.4898,217.6999,218.9572,7943794
2022-11-15,218.2931,220.2208,217.6757,219.0824,6442089
2022-11-16,218.8148,221.3592,218.3970,221.0242,4357179
2022-11-17,221.1394,222.1748,220.4327,221.7016,1478029
2022-11-18,221.5831,222.7812,218.6293,219.1248,3457096
2022-11-21,219.1651,219.3597,215.4844,215.8708,2712260
2022-11-22,216.9989,218.1454,215.9273,218.0847,3435327
2022-11-23,218.5080,220.4536,217.5136,220.3573,5773044
2022-11-24,220.3395,220.6778,217.6350,217.6999,6163434
2022-11-25,217.2346,218.5438,216.6757,218.2353,4503061
2022-11-28,218.0915,219.8093,217.7540,219.6858,7634801
2022-11-29,219.3464,220.0708,218.5002,218.9408,2135357
2022-11-30,218.8218,220.7976,218.5345,220.4120,1414008
2022-12-01,220.2819,223.4761,219.5185,222.0026,5466772
2022-12-02,221.2092,221.7485,220.6637,221.6373,5518472
2022-12-05,220.9975,221.6550,218.3855,219.2228,7348649
2022-12-06,219.8985,220.8450,219.3016,219.3856,2909668
2022-12-07,219.1420,220.0706,215.2325,215.8757,5002812
2022-12-08,215.3172,215.4050,213.2794,213.8827,4366368
2022-12-09,213.5552,217.8566,212.7299,217.6988,5278796
2022-12-12,218.7825,219.0732,217.5238,218.5793,2988302
2022-12-13,219.3132,221.2279,218.6988,220.3446,2842169
2022-12-14,219.9265,220.8521,218.1996,219.1826,1424256
2022-12-15,218.8952,218.9292,218.5302,218.5997,3257714
2022-12-16,218.2897,219.2310,217.3429,218.3940,2331287
2022-12-19,218.1331,220.2902,218.0953,219.6824,4512186
2022-12-20,220.8314,224.7247,220.2017,224.0084,6439158
2022-12-21,223.4524,223.5122,222.1466,222.3978,2944018
2022-12-22,221.9953,224.1241,221.0770,223.9055,3363860
2022-12-23,223.9867,224.3892,222.1649,222.9783,6210560
2022-12-26,223.2790,223.8672,221.6110,222.2595,7820217
2022-12-27,222.3878,223.2027,219.8949,220.3175,1150962
2022-12-28,220.1584,220.7926,217.4207,217.9977,6724471
2022-12-29,218.2370,219.0570,217.8701,218.1327,5208730
2022-12-30,218.1811,218.8742,215.4728,215.5880,6090017
2023-01-02,214.3741,214.7947,212.2285,212.8799,7159465
2023-01-03,212.9870,213.3680,212.0337,212.1505,6645553
2023-01-04,212.7365,213.2772,209.7153,211.0638,4235522
2023-01-05,211.2759,213.6763,210.5107,213.6450,2550919
2023-01-06,213.2703,213.6153,212.7354,213.3756,2791979
2023-01-09,213.2535,213.2915,212.0534,212.6106,1622112
2023-01-10,212.2319,212.4799,208.6923,209.3897,2514111
2023-01-11,208.8110,209.1330,205.9692,206.6276,6432099
2023-01-12,206.3962,207.2343,203.4787,203.5737,1693007
2023-01-13,203.4313,203.5301,202.8745,203.0016,7276142
2023-01-16,202.7745,202.9989,196.7765,197.9841,3603136
2023-01-17,197.6023,200.4424,197.1032,200.1759,4525201
2023-01-18,200.6476,201.6112,198.8886,199.3139,1918699
2023-01-19,199.5454,200.7988,198.0271,200.4168,7840485
2023-01-20,201.4024,202.2633,201.0525,201.4359,2474922
2023-01-23,201.7605,202.3710,200.3520,201.5120,4432658
2023-01-24,200.9138,201.9475,196.7012,197.9552,4656142
2023-01-25,196.7436,196.9366,196.5186,196.8782,4317036
2023-01-26,196.4703,197.1096,191.5812,191.6196,7066869
2023-01-27,192.0428,192.9378,191.0456,192.6418,5532576
2023-01-30,192.6130,193.0210,192.1240,192.3222,1111586
2023-01-31,192.1229,192.6953,191.2114,191.6245,7485485
2023-02-01,191.8266,192.5143,189.6078,189.9489,7138650
2023-02-02,189.6523,190.8615,189.0850,190.0387,7884546
2023-02-03,190.7506,190.9202,188.3487,188.4448,6235044
2023-02-06,187.8227,190.6082,187.5832,190.3469,6560417
2023-02-07,189.9993,190.5222,189.8935,190.2021,7337196
2023-02-08,189.2150,194.2829,188.8034,193.9813,7949398
2023-02-09,192.9433,193.3808,192.1438,193.3174,6656379
2023-02-10,193.0677,196.3071,192.1431,194.2058,7374915
2023-02-13,194.0453,195.0452,193.4458,194.5880,3719094
2023-02-14,194.4468,195.3448,193.9820,194.5782,2455434
2023-02-15,193.2235,193.6448,190.6583,191.3921,1038275
2023-02-16,191.2911,192.7490,190.4810,192.6812,2916042
2023-02-17,193.2849,199.5119,192.3018,199.0059,2796482
2023-02-20,198.7598,199.8915,198.5145,199.8511,7483332
2023-02-21,199.8864,200.6111,194.3583,194.5793,5481999
2023-02-22,194.9002,195.1827,191.4957,192.3451,1392154
2023-02-23,191.7411,195.1343,190.3993,194.7385,3714151
2023-02-24,195.0541,195.9152,194.2301,194.3504,3080553
2023-02-27,194.7270,195.9952,194.6050,195.6706,7184939
2023-02-28,195.3493,197.6697,194.2930,197.3635,5348047
2023-03-01,196.4784,199.1696,196.0926,198.7182,4250243
2023-03-02,198.6836,199.4995,198.3070,198.9629,7204992
2023-03-03,198.9891,199.1514,197.8346,198.0340,5272113
2023-03-06,197.5429,197.8139,195.7313,196.2824,6043067
2023-03-07,195.7483,196.0761,193.4239,194.0730,1766013
2023-03-08,193.1188,195.8761,192.7378,194.5210,4033157
2023-03-09,193.7549,194.0940,191.5443,191.9528,3497337
2023-03-10,191.8948,195.6380,191.8439,194.5305,5342015
2023-03-13,195.4011,195.5354,194.7180,195.1703,6717836
2023-03-14,194.1087,194.4642,191.7389,191.7487,6934014
2023-03-15,191.8382,192.4564,189.7361,190.0673,2948141
2023-03-16,190.9900,191.8385,190.6162,191.8178,2316365
2023-03-17,192.6017,196.2046,192.3943,195.9659,3447771
2023-03-20,195.1058,195.6784,192.9800,193.1161,7766073
2023-03-21,193.0378,195.5605,192.9646,195.1302,5703471
2023-03-22,195.2126,196.0245,191.1945,192.1510,6953523
2023-03-23,193.2421,193.3180,191.9248,192.3915,5592665
2023-03-24,192.0071,194.0833,191.8328,193.6605,2905236
2023-03-27,193.8790,194.4813,191.0604,191.4029,1981971
2023-03-28,191.3141,191.6285,189.0191,190.2264,1731749
2023-03-29,189.7915,192.6428,189.6365,192.3517,3302555
2023-03-30,192.8790,192.9792,191.1773,192.3796,7397719
2023-03-31,192.5439,192.8506,191.4675,191.7273,6399393
2023-04-03,192.5880,197.2888,191.5704,196.2096,6435542
2023-04-04,196.1918,196.6596,193.5380,194.3126,2882929
2023-04-05,195.0240,195.2504,193.0353,193.2829,3916560
2023-04-06,193.2112,193.2875,191.6333,192.0994,3883980
2023-04-07,191.4143,193.0270,190.7883,192.7050,3027697
2023-04-10,193.4055,196.1372,193.3416,195.1582,3742332
2023-04-11,194.4155,194.9683,192.6840,193.4950,5595939
2023-04-12,193.1940,194.1855,189.6099,189.7920,5817893
2023-04-13,190.5087,191.6930,190.4806,191.1732,4542684
2023-04-14,190.8919,190.9842,188.8799,188.9494,4600481
2023-04-17,188.2562,191.8999,187.8883,191.4503,3173257
2023-04-18,191.1397,192.2170,191.0621,191.2345,4207137
2023-04-19,190.6632,192.7064,190.4407,192.2011,5031681
2023-04-20,191.8156,193.5450,191.6074,192.3695,5835333
2023-04-21,192.7238,192.8052,191.4950,192.2389,3037754
2023-04-24,192.9459,194.3819,192.3555,193.9352,3965892
2023-04-25,194.5749,195.0013,192.6216,193.4173,7968113
2023-04-26,193.5583,193.9747,192.0751,192.5939,4505467
2023-04-27,192.8372,194.3086,192.5942,194.0746,7239597
2023-04-28,193.7469,194.0345,191.4761,191.5358,5734587
2023-05-01,191.4106,191.8359,188.9094,189.8520,2512438
2023-05-02,190.1508,190.5879,186.8179,187.8449,6461886
2023-05-03,187.9677,189.4411,187.2703,189.4302,5473852
2023-05-04,188.7821,189.4520,187.0171,188.1781,5491811
2023-05-05,187.8281,190.0088,187.5905,189.6621,5791801
2023-05-08,189.9157,190.1620,188.0772,188.1895,2155190
2023-05-09,187.8388,188.1135,185.5120,185.9525,1301981
2023-05-10,185.6736,186.2449,181.9108,182.3325,2144442
2023-05-11,182.5062,182.7201,180.5484,181.0650,3741969
2023-05-12,180.2896,180.6577,179.8176,180.1020,1288321
2023-05-15,179.9746,181.2734,179.9550,180.9881,4288731
2023-05-16,180.9942,181.7222,178.5920,179.1949,5964633
2023-05-17,179.1878,181.8108,178.3949,181.6660,2379444
2023-05-18,182.0172,183.0509,181.9761,183.0005,5035436
2023-05-19,182.3726,185.8481,181.9651,185.6976,1301945
2023-05-22,184.9494,185.3299,183.6432,183.8410,4421591
2023-05-23,184.1391,185.7141,183.4128,184.3363,3628739
2023-05-24,184.0038,184.0371,182.2326,182.3224,3569920
2023-05-25,182.2512,182.4530,180.6719,181.4843,3630207
2023-05-26,180.9797,181.3722,180.0309,180.2505,3754849
2023-05-29,179.9882,180.8286,178.7459,179.2908,2488273
2023-05-30,178.2936,178.8516,176.0872,176.5608,5521467
2023-05-31,176.1224,178.2573,175.8794,177.9703,6383559
2023-06-01,178.4413,178.4817,176.6178,176.6604,6429274
2023-06-02,176.2471,178.2384,175.9977,177.2932,3856037
2023-06-05,176.9705,177.3160,176.1311,177.1327,2290373
2023-06-06,177.8873,178.0223,175.0934,176.1813,3237208
2023-06-07,175.7114,175.9813,174.7121,175.0272,4834331
2023-06-08,174.7977,176.7657,173.9554,176.3579,2761493
2023-06-09,176.1615,176.3961,174.9890,175.1781,7769300
2023-06-12,176.1011,177.0672,175.2775,175.5057,4228856
2023-06-13,175.7124,176.6093,174.9455,175.8782,1490426
2023-06-14,175.8050,176.2787,175.7920,176.2281,2197893
2023-06-15,176.1937,179.4428,175.9002,178.5983,3227651
2023-06-16,178.1708,178.2484,176.1501,176.2901,6229145
2023-06-19,176.8753,177.9325,176.3019,177.3237,6499219
2023-06-20,177.5893,179.3878,176.9815,179.2633,2581182
2023-06-21,179.7181,182.0471,179.5141,181.6332,7188192
2023-06-22,182.3015,182.5328,180.2069,181.0059,7222276
2023-06-23,181.0914,182.1658,180.1788,180.3338,6226490
2023-06-26,180.0755,181.3978,179.9333,181.3081,6216152
2023-06-27,180.8940,182.0236,180.2054,180.6487,1522317
2023-06-28,180.0080,182.3603,179.2872,182.2392,2702973
2023-06-29,181.8974,184.6610,181.4605,184.3775,4167096
2023-06-30,184.9068,185.0589,184.1637,184.4233,3427756
2023-07-03,184.6772,185.1076,183.7810,184.4725,2975831
2023-07-04,184.1940,184.6702,182.5346,183.4255,7100873
2023-07-05,183.2698,183.3306,178.0372,178.6897,5463685
2023-07-06,178.6294,180.2485,177.9961,179.5919,7506585
2023-07-07,179.5353,180.0871,178.7096,179.6805,5312936
2023-07-10,179.3444,180.2041,174.7589,175.7382,7992277
2023-07-11,175.3952,175.8816,174.5319,174.9982,2973547
2023-07-12,175.8626,176.2506,173.3937,173.6453,1843955
2023-07-13,173.5713,175.3133,173.3307,174.2051,6241052
2023-07-14,173.7597,174.3894,173.0129,173.0809,7464402
2023-07-17,173.2739,173.3669,170.8652,171.1289,3293313
2023-07-18,170.8908,174.1860,170.0975,173.5219,7531361
2023-07-19,173.8575,174.4467,171.2685,171.8501,1370001
2023-07-20,171.5202,171.9045,171.4056,171.5361,1594821
2023-07-21,171.7093,173.0830,170.9976,172.4086,6213845
2023-07-24,173.6991,174.1141,172.1521,172.3399,2666298
2023-07-25,172.3825,175.0613,171.8214,175.0157,4842536
2023-07-26,175.1591,175.4659,173.6574,174.1254,5968547
2023-07-27,174.3671,175.0983,170.6188,171.0866,4075755
2023-07-28,171.0847,171.7457,170.0353,170.5527,1908514
2023-07-31,170.7490,171.0053,169.2483,169.8198,4130559
2023-08-01,169.4853,170.7520,168.9127,170.5390,5445557
2023-08-02,170.4155,173.4614,169.9538,172.4421,2242275
2023-08-03,173.2579,178.6863,171.9495,178.2831,1090800
2023-08-04,177.9916,183.1373,177.7353,182.0511,4203704
2023-08-07,182.0184,182.9636,181.6557,182.9612,4002486
2023-08-08,183.8236,185.3446,183.2373,184.8940,3493768
2023-08-09,185.2856,185.4896,182.6380,182.7434,2130043
2023-08-10,182.7363,183.3138,180.5387,181.0753,5509619
2023-08-11,180.6404,184.1358,180.0242,183.6034,3791531
2023-08-14,183.6915,183.9166,179.4835,179.6530,1921406
2023-08-15,179.8001,180.9970,179.2173,180.8064,6502252
2023-08-16,180.9225,181.3096,179.0843,179.1398,1059712
2023-08-17,179.0878,179.4475,177.5496,178.1274,2487205
2023-08-18,178.6500,178.9653,177.0195,177.5771,5790942
2023-08-21,177.7515,178.2923,174.8917,175.2160,6439286
2023-08-22,174.9704,175.9460,174.8531,175.8894,1961293
2023-08-23,175.4740,175.7767,173.3683,173.6763,2891888
2023-08-24,174.1998,174.2028,172.8543,173.1099,6161358
2023-08-25,173.0397,175.9027,172.7870,175.1763,1861843
2023-08-28,175.6072,176.9377,175.1190,176.9271,3081450
2023-08-29,177.4611,178.0618,177.3545,177.3734,2046662
2023-08-30,176.8446,177.4925,176.6296,177.2138,5361465
2023-08-31,176.7600,178.6414,176.1201,178.5365,4508766
2023-09-01,178.4817,178.6623,175.4653,175.5801,7349813
2023-09-04,175.9321,176.9200,175.3224,176.5189,6440955
2023-09-05,176.1407,179.6045,176.0171,179.5965,2456649
2023-09-06,179.7699,181.7294,179.3765,181.1828,7164143
2023-09-07,180.1512,181.3004,178.4903,178.6590,4732866
2023-09-08,179.1667,179.2027,175.6187,175.8157,7079356
2023-09-11,175.1697,176.4406,174.0807,175.9867,5121800
2023-09-12,175.4579,178.4755,175.4118,177.9761,3749640
2023-09-13,178.0758,178.6807,176.8809,177.8167,1908717
2023-09-14,179.7807,182.8184,179.2173,182.3940,2045630
2023-09-15,183.3182,183.4213,181.5817,181.6085,3573097
2023-09-18,183.1445,183.4622,181.5154,182.5493,6697981
2023-09-19,182.5225,183.0011,180.5523,180.6385,7020637
2023-09-20,180.8422,181.2562,180.4236,180.5814,7887586
2023-09-21,180.5916,180.7596,177.4744,177.8212,4983367
2023-09-22,177.6883,178.1230,176.9324,177.7608,5754729
2023-09-25,177.4641,179.8444,177.3278,179.2871,4974276
2023-09-26,178.8162,180.0071,176.7911,177.6799,7400787
2023-09-27,177.7777,179.9006,177.4992,179.8903,7344658
2023-09-28,180.0611,180.1112,177.5634,178.1379,3997565
2023-09-29,178.7628,179.4754,176.6739,176.8358,7607147
2023-10-02,177.1344,177.8803,175.9669,176.1459,6794258
2023-10-03,175.6903,177.5749,175.4439,177.4047,4163372
2023-10-04,177.5811,177.8305,175.4888,175.8484,4035893
2023-10-05,175.7063,176.4450,173.2911,174.2200,5050322
2023-10-06,174.1690,175.1440,169.9846,169.9867,5471194
2023-10-09,169.1705,169.4479,166.0096,166.5489,6417377
2023-10-10,166.8971,167.5620,165.2109,165.6618,2658272
2023-10-11,165.2222,166.1208,163.3081,163.4154,4148184
2023-10-12,163.8068,163.9986,163.4142,163.6149,6118519
2023-10-13,163.9998,164.0494,163.3925,163.8357,7206258
2023-10-16,163.8433,164.1848,163.5911,164.0702,6423258
2023-10-17,163.3989,163.5954,161.1428,161.8701,6332483
2023-10-18,161.8545,162.3681,159.7836,160.3126,4853469
2023-10-19,160.3725,160.6738,156.9346,157.2665,4554609
2023-10-20,158.2097,159.1501,157.9766,158.6094,5304691
2023-10-23,158.5532,161.1192,157.9189,160.5284,3768589
2023-10-24,160.5504,160.8282,158.9245,159.8735,3872444
2023-10-25,159.3527,159.5573,159.0328,159.5209,6903281
2023-10-26,159.3422,159.7502,159.0107,159.5590,4561465
2023-10-27,159.6412,161.6245,159.2123,161.3529,1429072
2023-10-30,162.2670,162.5452,161.1875,162.3382,2685279
2023-10-31,162.1621,165.4961,161.8886,164.9081,1251703
2023-11-01,165.2098,166.0408,164.0027,164.9812,5418990
2023-11-02,165.3743,166.2492,162.4109,162.7724,5509936
2023-11-03,162.5596,163.1503,160.4295,160.9455,7517516
2023-11-06,161.0451,161.0495,160.0196,160.6547,7409153
2023-11-07,161.1645,162.7363,160.7241,162.5369,7921910
2023-11-08,162.6679,163.7470,161.5377,161.8148,1120911
2023-11-09,161.6717,161.7643,159.8666,160.2664,4454608
2023-11-10,160.4635,164.6719,159.9678,164.4790,6955766
2023-11-13,164.9895,165.3646,163.2466,163.4110,6623184
2023-11-14,163.6681,164.8676,163.4855,164.0889,2168208
2023-11-15,163.7951,164.7765,163.4583,164.5335,5226141
2023-11-16,164.4195,165.0147,162.7662,162.7936,5140980
2023-11-17,162.9036,163.3673,161.5082,162.3163,2828282
2023-11-20,162.2025,163.3160,161.3673,161.8463,4042367
2023-11-21,161.9139,164.3572,161.5955,164.1086,4416889
2023-11-22,163.9501,165.3611,163.8541,164.3443,3848113
2023-11-23,164.6060,164.9850,160.9662,161.5340,2923215
2023-11-24,162.0679,165.0084,161.9830,164.6325,6400427
2023-11-27,165.1902,165.4412,164.9357,165.1443,2418967
2023-11-28,164.5224,164.6218,162.0612,162.8781,7365227
2023-11-29,162.2930,162.5208,161.9971,162.5005,7745015
2023-11-30,163.0058,163.0815,160.9355,161.1058,4409246
2023-12-01,160.8191,161.4549,158.6278,158.6705,4309599
2023-12-04,158.7005,160.8513,158.5712,160.6774,6026716
2023-12-05,160.5090,160.5430,159.7194,160.1175,7906918
2023-12-06,160.5072,160.8615,158.7715,159.1993,2051758
2023-12-07,159.0684,159.3625,158.2196,158.7484,2910050
2023-12-08,159.3743,159.4720,156.4865,156.5822,6145711
2023-12-11,157.1872,157.8150,154.4397,154.6575,5182481
2023-12-12,154.5082,154.9583,152.1014,152.9359,1686529
2023-12-13,152.8094,154.8166,152.5883,154.1984,3984882
2023-12-14,154.0405,154.0545,152.3572,153.0517,6751361
2023-12-15,152.4877,156.4905,151.7159,156.0118,5542742
2023-12-18,156.0582,157.4992,155.2833,156.9401,7681060
2023-12-19,156.8125,157.7291,154.0876,154.2742,5269243
2023-12-20,154.5205,154.8899,153.7747,154.5746,5545449
2023-12-21,155.3230,158.3580,154.9415,157.6189,1348418
2023-12-22,157.8457,158.5266,156.3642,156.4448,3630042
2023-12-25,156.3286,158.0583,156.0527,157.9447,1843615
2023-12-26,158.5470,159.0589,157.9521,158.5525,4356022
2023-12-27,158.7442,158.9344,158.2370,158.6397,3603404
2023-12-28,158.6002,160.0504,158.2474,159.6852,1398834
2023-12-29,160.1210,160.7222,158.4477,159.1187,2061654
2024-01-01,160.0093,162.3782,159.7678,162.2511,2706999
2024-01-02,162.1897,162.5455,161.2905,162.4007,3114641
2024-01-03,162.1668,162.4055,162.0234,162.0654,2342373
2024-01-04,162.1814,164.9146,161.9348,164.4220,3864039
2024-01-05,164.0826,164.2363,162.0180,162.2330,6153930
2024-01-08,163.3222,163.7700,159.6637,159.6757,7966806
2024-01-09,159.2968,159.4350,157.4659,157.8219,1988137
2024-01-10,158.5702,159.1435,158.3014,158.6419,1473629
2024-01-11,158.5612,161.9111,157.9325,161.3364,2404770
2024-01-12,161.0733,161.7847,159.5436,159.7693,1930597
2024-01-15,159.4964,160.3448,156.4605,156.7634,3563289
2024-01-16,156.9508,157.1152,156.0898,156.1380,2987866
2024-01-17,155.8554,156.7475,155.6691,156.4337,1725597
2024-01-18,155.8955,157.0456,155.8102,157.0043,2319662
2024-01-19,157.4711,158.3129,156.2795,156.6001,7884816
2024-01-22,156.9531,157.8583,156.9336,156.9681,6851680
2024-01-23,156.3212,158.7039,156.2610,158.4558,5429767
2024-01-24,158.2909,158.3181,157.6526,157.6622,4437080
2024-01-25,157.8261,158.2301,157.4417,157.8583,4297595
2024-01-26,157.1738,158.0331,156.7478,157.5304,5633322
2024-01-29,157.4434,157.4858,156.6083,156.8292,4470372
2024-01-30,156.5443,156.9390,156.0588,156.8774,6706369
2024-01-31,157.3910,158.4512,156.0942,156.3122,2633685
2024-02-01,156.8178,158.2215,156.3450,158.1558,1084504
2024-02-02,158.1178,159.0591,157.9873,158.6722,4723140
2024-02-05,158.6654,161.7126,158.5010,161.4410,4641079
2024-02-06,161.1853,161.5539,160.7620,160.7696,7948511
2024-02-07,160.2919,160.3533,158.3381,158.7996,1178680
2024-02-08,158.9010,160.4371,158.2110,160.1064,5687813
2024-02-09,160.5271,161.0139,160.0857,161.0007,5074196
2024-02-12,161.1822,161.3359,160.5618,161.1751,7743242
2024-02-13,161.7419,163.1955,161.5845,162.9779,1602766
2024-02-14,162.3924,163.9366,162.0419,163.1170,6415603
2024-02-15,163.3778,164.5984,163.2442,164.1462,6297681
2024-02-16,163.8269,163.8858,162.2787,162.7913,4897855
2024-02-19,162.2333,162.8166,160.2949,162.0101,1174614
2024-02-20,162.0421,165.5622,161.5001,165.2780,4107652
2024-02-21,164.9086,165.0129,163.8198,164.0449,2214227
2024-02-22,163.5628,164.1859,163.5564,163.8162,1145881
2024-02-23,163.7991,164.4744,162.8438,164.0338,1542132
2024-02-26,164.4825,166.8140,164.4629,166.4402,3810553
2024-02-27,166.5019,167.0373,163.3368,163.9276,4534586
2024-02-28,163.7221,163.9824,162.8345,162.9739,6492486
2024-02-29,163.4555,163.5787,159.4961,159.9124,1812136
2024-03-01,159.8372,159.9860,159.2284,159.9019,2673857
2024-03-04,160.0509,161.6488,159.7366,160.9509,7696677
2024-03-05,161.1651,161.7247,158.9899,159.7295,7942354
2024-03-06,159.1209,159.1480,158.5069,158.7977,7624882
2024-03-07,159.2132,160.9281,158.7487,160.8157,7084047
2024-03-08,161.1983,161.5680,159.8219,160.3595,5314732
2024-03-11,159.7999,159.8962,159.2750,159.8485,4631177
2024-03-12,159.8159,159.9101,157.3277,157.9171,1021377
2024-03-13,157.8790,157.9303,155.8872,155.9332,1339181
2024-03-14,155.9282,155.9630,153.1478,154.0005,2436053
2024-03-15,153.9403,155.6662,153.6321,155.2262,3097853
2024-03-18,155.4623,156.4328,154.9203,155.5298,2616149
2024-03-19,155.8703,158.3083,155.7422,158.0946,2477455
2024-03-20,158.3724,159.0997,157.5473,158.0195,7389100
2024-03-21,158.1450,158.7336,158.1346,158.2277,7608160
2024-03-22,157.9710,160.4301,157.6795,159.4760,5839529
2024-03-25,159.5860,160.2899,156.9967,157.4427,4623761
2024-03-26,157.1025,159.3854,156.9886,159.1577,7715896
2024-03-27,159.7458,160.3314,158.3263,158.4079,6623620
2024-03-28,158.2323,158.5737,157.5730,158.1891,7785446
2024-03-29,158.0017,159.3304,157.2300,158.4962,4490350
2024-04-01,158.9246,159.5489,158.8795,159.0081,5529608
2024-04-02,158.6608,159.3092,157.6530,157.8553,6810358
2024-04-03,157.4970,158.2431,156.1646,157.4120,4134527
2024-04-04,157.1629,157.9191,156.7766,156.9492,6898271
2024-04-05,157.3700,159.1465,157.1183,158.6625,2751878
2024-04-08,159.1042,161.3863,158.9333,160.8629,1115911
2024-04-09,160.5959,161.0595,159.5913,159.9519,1174916
2024-04-10,160.0310,160.8803,157.8140,158.3157,1857949
2024-04-11,158.6336,159.6190,157.5743,157.8173,4414271
2024-04-12,157.6549,158.3149,157.4179,158.2593,2770409
2024-04-15,158.3060,158.3837,155.3939,156.1336,6569279
2024-04-16,155.9683,158.4997,155.2124,157.1609,3892786
2024-04-17,156.5954,157.3990,155.4477,156.4663,2249502
2024-04-18,156.8682,158.1392,156.8197,157.6919,2057212
2024-04-19,157.8156,158.2886,157.0542,157.5015,3224827
2024-04-22,157.6215,160.0126,157.1867,159.6555,7093855
2024-04-23,159.4637,159.7114,155.9550,156.0334,3298062
2024-04-24,156.0357,159.0554,155.7281,158.8460,3658431
2024-04-25,159.2904,159.8588,155.6246,156.6895,5322326
2024-04-26,157.1056,157.2679,156.4132,156.5065,2255368
2024-04-29,156.5423,159.2302,156.2610,158.6916,3299665
2024-04-30,158.0639,159.6321,157.4401,158.9438,5189981
2024-05-01,159.4595,159.6459,157.1274,157.3396,5204107
2024-05-02,157.1891,157.7983,156.2845,156.7224,4459058
2024-05-03,156.8549,157.3473,153.4170,153.7011,6363480
2024-05-06,154.1220,154.4509,153.3048,153.6393,2087921
2024-05-07,153.7142,157.4189,153.6562,156.7383,6794233
2024-05-08,157.0851,158.9077,156.5949,157.9919,1229121
2024-05-09,157.9927,158.6507,156.6547,156.7550,6729222
2024-05-10,156.3970,158.7840,156.3699,158.4461,2271195
2024-05-13,158.2398,159.0510,156.4108,156.4470,2086561
2024-05-14,156.7075,157.2979,154.6027,155.1622,4264423
2024-05-15,154.9989,155.6403,154.7205,155.0141,6772851
2024-05-16,155.0213,155.4519,152.7714,153.4437,6655746
2024-05-17,152.9147,156.8090,152.6652,156.6194,6117836
2024-05-20,156.9758,157.6863,156.8831,157.4243,7687160
2024-05-21,157.6111,157.9963,155.0192,156.1778,2383237
2024-05-22,156.1295,156.4496,154.3394,154.4341,1185857
2024-05-23,154.7314,155.3231,154.4225,154.8495,7499750
2024-05-24,154.5662,154.8554,153.6278,154.7395,1361512
2024-05-27,154.8754,156.1819,154.5835,155.9633,2367399
2024-05-28,156.1743,156.7579,155.7916,156.4911,5518407
2024-05-29,156.4803,157.8357,156.3419,157.7325,2823434
2024-05-30,157.9618,159.8257,157.5283,159.7064,1778570
2024-05-31,159.9827,160.6805,159.6338,160.1523,5738065
2024-06-03,160.6036,162.1756,160.1908,162.0940,6992418
2024-06-04,162.4097,162.8091,161.2083,161.8185,5855424
2024-06-05,161.4902,161.5046,159.5298,159.8129,5046400
2024-06-06,159.8294,160.3321,158.8614,159.6440,3532340
2024-06-07,160.4389,161.0018,159.7771,160.8475,7329680
2024-06-10,161.2005,162.3391,161.0891,162.1182,1720784
2024-06-11,162.7227,164.6815,162.6902,164.4454,7880357
2024-06-12,164.4143,167.9995,164.1341,166.9055,5087409
2024-06-13,166.6326,167.0067,165.0543,165.5978,4444751
2024-06-14,165.2950,165.5574,164.2649,165.0132,3915942
2024-06-17,165.2995,168.1338,164.9191,166.6030,7184323
2024-06-18,166.2713,167.0113,165.4757,165.5052,4309867
2024-06-19,164.9731,166.8802,163.7998,166.5520,2851358
2024-06-20,166.6136,166.6286,162.7822,162.9827,5424165
2024-06-21,163.1053,163.4801,162.9269,163.4682,7838123
2024-06-24,162.0634,163.1243,161.4710,163.0618,6593242
2024-06-25,162.8688,163.7638,161.7623,162.0899,3505850
2024-06-26,162.0920,162.5637,161.2988,162.1653,2555691
2024-06-27,162.5130,162.7040,160.6527,161.0472,6448454
2024-06-28,160.4498,160.8622,159.5191,159.5941,2127025
2024-07-01,159.6620,160.6366,159.6055,160.5644,5971732
2024-07-02,160.7063,160.9878,158.8066,158.9260,7418642
2024-07-03,158.1828,159.1983,156.1431,156.8252,5346090
2024-07-04,156.6833,157.8482,153.7419,154.0838,4246740
2024-07-05,154.1901,154.6942,152.8226,153.2160,3789265
2024-07-08,153.0219,153.2536,152.0758,152.2528,5697785
2024-07-09,152.2205,152.6764,151.1891,151.7567,2970981
2024-07-10,150.8310,151.2253,150.2303,150.5365,2521630
2024-07-11,150.9601,153.8145,150.9251,153.4221,7498454
2024-07-12,153.3649,153.5107,152.8786,153.0465,5315573
2024-07-15,152.5659,152.8771,151.7112,152.0137,7821025
2024-07-16,152.2810,152.4862,151.3374,151.4846,6727308
2024-07-17,151.4396,151.9856,151.4067,151.9811,7355743
2024-07-18,152.1294,152.5338,150.4254,151.1082,4762598
2024-07-19,150.6084,151.2377,148.2528,148.3217,3839708
2024-07-22,148.7725,149.3201,148.4787,148.4916,3466974
2024-07-23,149.2944,151.3524,149.0459,150.9714,6348568
2024-07-24,150.7882,152.3114,150.5821,152.0863,3672316
2024-07-25,151.9138,153.3528,151.8460,152.9779,6446638
2024-07-26,152.8173,154.3172,152.4967,154.2461,3744862
2024-07-29,154.0712,157.4279,154.0200,156.6646,2774671
2024-07-30,156.7499,156.8921,156.2827,156.5123,5983513
2024-07-31,156.2956,156.6118,155.1429,155.1483,7970548
2024-08-01,155.3116,155.3603,154.5186,154.8070,1969295
2024-08-02,154.7299,155.3840,154.5998,155.2684,3524711
2024-08-05,154.7403,155.9425,154.0402,155.2468,3963386
2024-08-06,155.0916,155.2358,154.9551,154.9854,5989567
2024-08-07,155.0273,156.1796,154.7484,155.3623,3985876
2024-08-08,155.5449,156.2604,154.6376,154.8172,7868902
2024-08-09,155.5801,156.2047,154.2124,154.4621,2776587
2024-08-12,154.4189,156.0466,153.5158,155.6898,5122764
2024-08-13,155.9060,158.3791,155.4231,157.8161,1405028
2024-08-14,158.3614,160.1348,157.9227,160.0065,6420747
2024-08-15,160.0160,160.0287,158.7810,159.3600,5798491
2024-08-16,159.1573,159.5731,157.7311,158.1188,4714444
2024-08-19,157.8312,158.0666,155.5707,155.7358,4519212
2024-08-20,156.1697,157.9996,155.1373,157.8221,7653659
2024-08-21,157.8487,161.6406,157.5949,161.2726,2900393
2024-08-22,160.2390,160.7755,159.3557,159.4779,2655568
2024-08-23,159.3629,162.0309,158.0526,161.8013,1513966
2024-08-26,161.4473,161.4691,160.4961,160.9122,6927300
2024-08-27,161.6959,163.6558,161.2857,162.7317,2689643
2024-08-28,163.2150,165.0533,162.9017,164.7366,2653387
2024-08-29,164.5075,166.0342,164.2900,165.9555,6177709
2024-08-30,165.7405,166.4155,164.0667,164.2946,2983355
2024-09-02,164.1745,164.3674,163.0165,163.0680,4288468
2024-09-03,163.3369,164.4034,163.0458,164.2439,5512470
2024-09-04,164.6769,165.2497,162.2443,162.5435,1370472
2024-09-05,162.5900,165.3548,162.3677,164.7319,4732051
2024-09-06,165.1684,166.3100,164.1779,165.8597,4985648
2024-09-09,166.0403,167.3036,165.6251,166.6735,3060399
2024-09-10,166.5392,167.1914,166.5052,166.9842,1836811
2024-09-11,166.8910,167.2901,164.1387,164.9554,2350227
2024-09-12,164.5672,169.3523,163.9159,169.1164,1738375
2024-09-13,169.1155,169.3427,168.3220,168.6796,6350275
2024-09-16,168.4061,168.4676,167.2712,168.1560,6706773
2024-09-17,167.9087,170.6043,167.1356,170.4518,7500920
2024-09-18,170.6545,171.4239,170.5634,170.6503,5794865
2024-09-19,170.4518,172.5203,170.3329,171.9797,3713255
2024-09-20,171.7857,172.4447,170.3116,170.3827,2462876
2024-09-23,170.4371,170.4775,167.2142,168.1322,7184494
2024-09-24,168.1613,168.9097,166.7862,167.2966,3871023
2024-09-25,167.2287,167.7535,167.2231,167.5258,2838691
2024-09-26,167.7440,168.0981,167.0724,167.4619,1606903
2024-09-27,167.6885,167.8472,166.1845,166.4777,1592195
2024-09-30,166.8339,167.6903,165.3454,165.7931,2771905
2024-10-01,165.6183,165.7172,164.5511,164.8364,6101373
2024-10-02,165.2840,167.1754,164.8829,166.5619,4924372
2024-10-03,166.7948,167.3881,165.3310,166.0288,6881693
2024-10-04,166.2681,166.5753,166.2147,166.3741,1970507
2024-10-07,166.6151,168.4210,166.3938,167.5934,7984000
2024-10-08,167.6166,168.4817,164.8096,165.1262,1901145
2024-10-09,164.6099,165.4575,163.5280,165.0226,5322345
2024-10-10,165.7793,168.3038,165.6453,167.8055,6786929
2024-10-11,168.1566,168.8091,167.9851,168.5022,3545197
2024-10-14,168.3142,170.4844,167.7753,170.2673,4556439
2024-10-15,170.2265,174.2053,170.1422,173.5270,3828785
2024-10-16,173.8541,176.7873,173.2522,176.5204,3074044
2024-10-17,176.1810,176.3824,175.2918,175.8908,3217008
2024-10-18,176.1225,179.2126,175.9438,177.5624,1432680
2024-10-21,177.1227,177.5465,176.6098,177.3966,6603831
2024-10-22,177.0062,177.0505,175.9769,176.5201,1470206
2024-10-23,176.9143,178.7177,176.8667,178.6662,3037678
2024-10-24,178.5707,180.2525,177.2996,179.8703,4983012
2024-10-25,179.9889,180.6472,177.6502,178.5391,4527935
2024-10-28,178.5581,179.2546,178.4366,179.1970,6460158
2024-10-29,179.7931,180.7635,178.0436,178.9169,3173203
2024-10-30,180.1697,180.4853,179.7065,179.9099,1761971
2024-10-31,179.7007,180.8462,175.7607,175.7651,3686599
2024-11-01,175.5822,176.2876,174.4925,175.0003,3300782
2024-11-04,174.9692,175.2904,172.7557,174.0099,1031403
2024-11-05,174.3328,175.3415,174.0528,174.3448,6647678
2024-11-06,175.1688,177.0241,174.9791,176.0088,2181719
2024-11-07,175.9483,176.3184,174.3369,174.7814,4183057
2024-11-08,174.2729,175.3872,172.3854,173.1582,7962570
2024-11-11,173.1236,174.7015,172.6893,174.2095,5863748
2024-11-12,174.0427,176.9813,173.5461,176.6578,2244448
2024-11-13,176.6712,176.9468,174.1243,174.8008,3105892
2024-11-14,175.0632,175.1624,174.8673,174.8775,6964133
2024-11-15,175.5174,175.7392,172.5184,173.3564,1211604
2024-11-18,173.1569,173.2775,172.8818,173.1923,3769366
2024-11-19,172.8928,173.2792,172.2466,172.3595,2499354
2024-11-20,171.9267,172.3422,171.5731,171.8714,7345441
2024-11-21,171.5890,172.3564,171.2059,171.2759,4337896
2024-11-22,171.9020,173.2800,171.5961,173.0723,2559954
2024-11-25,172.3336,174.6328,171.9929,173.3190,6767261
